postgres=# SELECT * FROM department;
 department_name | dep_id
-----------------+--------
 research        |      1
 python          |      2
 raact           |      3
 javascript      |      4
 php             |      5
(5 rows)

*_______________________________________________________________________________________________________________________
*-----------------------------------------------------------------------------------------------------------------------
postgres=# SELECT * FROM supervisor;
 superviser_name | superviser_numbers | dep_id
-----------------+--------------------+--------
 aminsafaei1     |                 10 | 1
 aminsafaei2     |                 11 | 2
 aminsafaei3     |                 12 | 3
 aminsafaei4     |                 13 | 3
 aminsafaei5     |                 14 | 5
(5 rows)


*_______________________________________________________________________________________________________________________
*-----------------------------------------------------------------------------------------------------------------------
postgres=# SELECT * FROM employee;
 employee_number | employee_name | employee_id | prj_id
-----------------+---------------+-------------+--------
              20 | fateme1       |          20 |      6
              21 | fateme2       |          21 |      7
              22 | fateme3       |          22 |      8
              23 | fateme4       |          23 |      9
              24 | fateme5       |          24 |     10
(5 rows)

*_______________________________________________________________________________________________________________________
*-----------------------------------------------------------------------------------------------------------------------
postgres=# SELECT * FROM project;
 project_number | id |       name       | duration
----------------+----+------------------+----------
             30 | 20 | deeplearning     |       12
             31 | 21 | transferlearning |        8
             32 | 22 | website          |       15
             33 | 23 | design           |       11
             34 | 24 | database         |       18
(5 rows)

*_______________________________________________________________________________________________________________________
*-----------------------------------------------------------------------------------------------------------------------
postgres=# SELECT * FROM emp_workson_prj;
 hourlysalary | employee_id | project_number
--------------+-------------+----------------
      5000000 |          20 |             30
      6000000 |          21 |             31
      7000000 |          22 |             32
      8000000 |          23 |             33
      9000000 |          24 |             34
(5 rows)

postgres=# SELECT COUNT(*) FROM project INNER JOIN employee ON id=employee_id WHERE employee_name='fateme1';
 count
-------
     1

*_______________________________________________________________________________________________________________________
*-----------------------------------------------------------------------------------------------------------------------

(1 row)postgres=# SELECT employee_id FROM emp_workson_prj WHERE hourlysalary = (SELECT MAX(hourlysalary) FROM emp_workson_prj);
 employee_id
-------------
          24
(1 row)


*_______________________________________________________________________________________________________________________
*-----------------------------------------------------------------------------------------------------------------------
postgres=# SELECT hourlysalary  FROM emp_workson_prj WHERE hourlysalary = (SELECT MAX(hourlysalary) FROM emp_workson_prj);
 hourlysalary
--------------
      9000000
(1 row)


*_______________________________________________________________________________________________________________________
*-----------------------------------------------------------------------------------------------------------------------
postgres=# SELECT name FROM project INNER JOIN employee ON (id = employee_id) WHERE (employee_name= 'fateme3');
  name
---------
 website
(1 row)


*_______________________________________________________________________________________________________________________
*-----------------------------------------------------------------------------------------------------------------------
 employee Name | Nunmber of project
---------------+--------------------
 fateme3       |                  1
 fateme3       |                  1
 fateme3       |                  1
 fateme3       |                  1
 fateme3       |                  1
(5 rows)



_______________________________________________________________________________________________________________________
*-----------------------------------------------------------------------------------------------------------------------
#5
       name       |   department
------------------+----------------
 deeplearning     | (research,1)
 transferlearning | (research,1)
 website          | (research,1)
 design           | (research,1)
 database         | (research,1)
 deeplearning     | (python,2)
 transferlearning | (python,2)
 website          | (python,2)
 design           | (python,2)
 database         | (python,2)
 deeplearning     | (raact,3)
 transferlearning | (raact,3)
 website          | (raact,3)
 design           | (raact,3)
 database         | (raact,3)
 deeplearning     | (javascript,4)
 transferlearning | (javascript,4)
 website          | (javascript,4)
 design           | (javascript,4)
 database         | (javascript,4)
 deeplearning     | (php,5)
 transferlearning | (php,5)
 website          | (php,5)
 design           | (php,5)
 database         | (php,5)



 _______________________________________________________________________________________________________________________
*-----------------------------------------------------------------------------------------------------------------------
#6
       name
------------------
 deeplearning
 transferlearning
 website
 design
 database
(5 rows)


*_______________________________________________________________________________________________________________________
*-----------------------------------------------------------------------------------------------------------------------
#7
