postgres=# SELECT * FROM department;
 department_name | dep_id
-----------------+--------
 research        |      1
 python          |      2
 raact           |      3
 javascript      |      4
 php             |      5
(5 rows)


postgres=# SELECT * FROM supervisor;
 superviser_name | superviser_numbers | dep_id
-----------------+--------------------+--------
 aminsafaei1     |                 10 | 1
 aminsafaei2     |                 11 | 2
 aminsafaei3     |                 12 | 3
 aminsafaei4     |                 13 | 3
 aminsafaei5     |                 14 | 5
(5 rows)